{
  "ASCII Ligatures" : false,
  "Working Directory" : "\/Users\/rioliu\/Desktop",
  "Prompt Before Closing 2" : false,
  "Selected Text Color" : {
    "Green Component" : 0.8579363226890564,
    "Red Component" : 0.84028750658035278,
    "Blue Component" : 0.89713811874389648
  },
  "Rows" : 50,
  "Ansi 11 Color" : {
    "Green Component" : 0.74144089221954346,
    "Red Component" : 0.95126962661743164,
    "Blue Component" : 0.035377603024244308
  },
  "Use Italic Font" : true,
  "Foreground Color" : {
    "Green Component" : 0.8579363226890564,
    "Red Component" : 0.84028750658035278,
    "Blue Component" : 0.89713811874389648
  },
  "Right Option Key Sends" : 0,
  "Character Encoding" : 4,
  "Selection Color" : {
    "Green Component" : 0.12343578040599823,
    "Red Component" : 0.1234394758939743,
    "Blue Component" : 0.12343787401914597
  },
  "Mouse Reporting" : true,
  "Cursor Boost" : 0,
  "Ansi 4 Color" : {
    "Green Component" : 0.51804500818252563,
    "Red Component" : 0.16567224264144897,
    "Blue Component" : 0.82454067468643188
  },
  "Non-ASCII Anti Aliased" : true,
  "Sync Title" : false,
  "Disable Window Resizing" : true,
  "Description" : "Default",
  "Close Sessions On End" : true,
  "Jobs to Ignore" : [
    "rlogin",
    "ssh",
    "slogin",
    "telnet"
  ],
  "Scrollback Lines" : 10000,
  "Flashing Bell" : false,
  "Cursor Guide Color" : {
    "Red Component" : 0.70213186740875244,
    "Color Space" : "sRGB",
    "Blue Component" : 1,
    "Alpha Component" : 0.25,
    "Green Component" : 0.9268307089805603
  },
  "BM Growl" : true,
  "Ansi 3 Color" : {
    "Green Component" : 0.72761225700378418,
    "Red Component" : 0.92706489562988281,
    "Blue Component" : 0.060177117586135864
  },
  "Use Non-ASCII Font" : false,
  "Link Color" : {
    "Red Component" : 0,
    "Color Space" : "sRGB",
    "Blue Component" : 0.73423302173614502,
    "Alpha Component" : 1,
    "Green Component" : 0.35916060209274292
  },
  "Shortcut" : "",
  "Background Image Location" : "",
  "Bold Color" : {
    "Green Component" : 0.8579363226890564,
    "Red Component" : 0.84028750658035278,
    "Blue Component" : 0.89713811874389648
  },
  "Unlimited Scrollback" : false,
  "Custom Command" : "No",
  "Keyboard Map" : {
    "0xf700-0x260000" : {
      "Text" : "[1;6A",
      "Action" : 10
    },
    "0x37-0x40000" : {
      "Text" : "0x1f",
      "Action" : 11
    },
    "0x32-0x40000" : {
      "Text" : "0x00",
      "Action" : 11
    },
    "0xf709-0x20000" : {
      "Text" : "[17;2~",
      "Action" : 10
    },
    "0xf70c-0x20000" : {
      "Text" : "[20;2~",
      "Action" : 10
    },
    "0xf729-0x20000" : {
      "Text" : "[1;2H",
      "Action" : 10
    },
    "0xf72b-0x40000" : {
      "Text" : "[1;5F",
      "Action" : 10
    },
    "0xf705-0x20000" : {
      "Text" : "[1;2Q",
      "Action" : 10
    },
    "0xf703-0x260000" : {
      "Text" : "[1;6C",
      "Action" : 10
    },
    "0xf700-0x220000" : {
      "Text" : "[1;2A",
      "Action" : 10
    },
    "0xf701-0x280000" : {
      "Text" : "0x1b 0x1b 0x5b 0x42",
      "Action" : 11
    },
    "0x38-0x40000" : {
      "Text" : "0x7f",
      "Action" : 11
    },
    "0x33-0x40000" : {
      "Text" : "0x1b",
      "Action" : 11
    },
    "0xf703-0x220000" : {
      "Text" : "[1;2C",
      "Action" : 10
    },
    "0xf701-0x240000" : {
      "Text" : "[1;5B",
      "Action" : 10
    },
    "0xf70d-0x20000" : {
      "Text" : "[21;2~",
      "Action" : 10
    },
    "0xf702-0x260000" : {
      "Text" : "[1;6D",
      "Action" : 10
    },
    "0xf729-0x40000" : {
      "Text" : "[1;5H",
      "Action" : 10
    },
    "0xf706-0x20000" : {
      "Text" : "[1;2R",
      "Action" : 10
    },
    "0x34-0x40000" : {
      "Text" : "0x1c",
      "Action" : 11
    },
    "0xf700-0x280000" : {
      "Text" : "0x1b 0x1b 0x5b 0x41",
      "Action" : 11
    },
    "0x2d-0x40000" : {
      "Text" : "0x1f",
      "Action" : 11
    },
    "0xf70e-0x20000" : {
      "Text" : "[23;2~",
      "Action" : 10
    },
    "0xf702-0x220000" : {
      "Text" : "[1;2D",
      "Action" : 10
    },
    "0xf703-0x280000" : {
      "Text" : "0x1b 0x1b 0x5b 0x43",
      "Action" : 11
    },
    "0xf700-0x240000" : {
      "Text" : "[1;5A",
      "Action" : 10
    },
    "0xf707-0x20000" : {
      "Text" : "[1;2S",
      "Action" : 10
    },
    "0xf70a-0x20000" : {
      "Text" : "[18;2~",
      "Action" : 10
    },
    "0x35-0x40000" : {
      "Text" : "0x1d",
      "Action" : 11
    },
    "0xf70f-0x20000" : {
      "Text" : "[24;2~",
      "Action" : 10
    },
    "0xf703-0x240000" : {
      "Text" : "[1;5C",
      "Action" : 10
    },
    "0xf701-0x260000" : {
      "Text" : "[1;6B",
      "Action" : 10
    },
    "0xf702-0x280000" : {
      "Text" : "0x1b 0x1b 0x5b 0x44",
      "Action" : 11
    },
    "0xf72b-0x20000" : {
      "Text" : "[1;2F",
      "Action" : 10
    },
    "0x36-0x40000" : {
      "Text" : "0x1e",
      "Action" : 11
    },
    "0xf708-0x20000" : {
      "Text" : "[15;2~",
      "Action" : 10
    },
    "0xf701-0x220000" : {
      "Text" : "[1;2B",
      "Action" : 10
    },
    "0xf70b-0x20000" : {
      "Text" : "[19;2~",
      "Action" : 10
    },
    "0xf702-0x240000" : {
      "Text" : "[1;5D",
      "Action" : 10
    },
    "0xf704-0x20000" : {
      "Text" : "[1;2P",
      "Action" : 10
    }
  },
  "Ansi 14 Color" : {
    "Green Component" : 0.4900696873664856,
    "Red Component" : 0.059441849589347839,
    "Blue Component" : 0.85764402151107788
  },
  "Ansi 2 Color" : {
    "Green Component" : 0.77383565902709961,
    "Red Component" : 0.17600196599960327,
    "Blue Component" : 0.36823004484176636
  },
  "Background Image Is Tiled" : false,
  "Send Code When Idle" : true,
  "ASCII Anti Aliased" : true,
  "Tags" : [

  ],
  "Ansi 9 Color" : {
    "Green Component" : 0.20686990022659302,
    "Red Component" : 0.87161564826965332,
    "Blue Component" : 0.1818375289440155
  },
  "Use Bold Font" : true,
  "Silence Bell" : false,
  "Ansi 12 Color" : {
    "Green Component" : 0.50448882579803467,
    "Red Component" : 0.061654355376958847,
    "Blue Component" : 0.838664710521698
  },
  "Window Type" : 0,
  "Use Bright Bold" : true,
  "Cursor Text Color" : {
    "Green Component" : 0.062745101749897003,
    "Red Component" : 0.062745101749897003,
    "Blue Component" : 0.062745101749897003
  },
  "Default Bookmark" : "No",
  "Cursor Color" : {
    "Green Component" : 0.72549021244049072,
    "Red Component" : 0.72549021244049072,
    "Blue Component" : 0.72549021244049072
  },
  "Ansi 1 Color" : {
    "Green Component" : 0.067135065793991089,
    "Red Component" : 0.97170770168304443,
    "Blue Component" : 0.095619738101959229
  },
  "Name" : "Default",
  "Blinking Cursor" : false,
  "Guid" : "6EABE940-E01D-4351-825E-C1815355C9C7",
  "Idle Code" : 0,
  "Ansi 10 Color" : {
    "Green Component" : 0.82695949077606201,
    "Red Component" : 0.11459558457136154,
    "Blue Component" : 0.379891037940979
  },
  "Ansi 8 Color" : {
    "Green Component" : 0.8579363226890564,
    "Red Component" : 0.84028750658035278,
    "Blue Component" : 0.89713811874389648
  },
  "Badge Color" : {
    "Red Component" : 1,
    "Color Space" : "sRGB",
    "Blue Component" : 0,
    "Alpha Component" : 0.5,
    "Green Component" : 0.1491314172744751
  },
  "Ambiguous Double Width" : false,
  "Blur Radius" : 11.497305282360404,
  "Cursor Type" : 0,
  "Ansi 0 Color" : {
    "Green Component" : 0.12343578040599823,
    "Red Component" : 0.1234394758939743,
    "Blue Component" : 0.12343787401914597
  },
  "Blur" : true,
  "Vertical Spacing" : 1,
  "Normal Font" : "Consolas 14",
  "Ansi 7 Color" : {
    "Green Component" : 0.8579363226890564,
    "Red Component" : 0.84028750658035278,
    "Blue Component" : 0.89713811874389648
  },
  "Command" : "",
  "Terminal Type" : "xterm",
  "Horizontal Spacing" : 1,
  "Option Key Sends" : 0,
  "Only The Default BG Color Uses Transparency" : true,
  "Blink Allowed" : true,